{"stat.chestOpened":22,"stat.pickup.minecraft.sign":3,"stat.leaveGame":12,"stat.useItem.minecraft.log2":2,"stat.pickup.thaumadditions.adaminite_ingot":24,"stat.pickup.harvestcraft.figitem":2,"stat.pickup.modularmachinery.itemmodularium":48,"stat.pickup.minecraft.leather_chestplate":1,"stat.pickup.divinerpg.crab_claw":1,"stat.jump":727,"stat.swimOneCm":1376,"stat.climbOneCm":4170,"stat.pickup.avaritia.matter_cluster":2,"stat.crouchOneCm":2470,"stat.useItem.thermalfoundation.upgrade":1,"stat.useItem.divinerpg.everfright":1,"stat.useItem.minecraft.stone_slab2":281,"stat.killEntity.divinerpg.pumpkin_spider":1,"stat.pickup.minecraft.rotten_flesh":1,"stat.mineBlock.minecraft.glass_pane":1,"stat.mineBlock.minecraft.log2":3,"stat.pickup.notreepunching.rock/stone":1,"stat.mineBlock.contenttweaker.modularium_ore":8,"stat.pickup.minecraft.written_book":1,"stat.mineBlock.contenttweaker.void_ore":4,"stat.pickup.minecraft.log2":3,"stat.killEntity.divinerpg.cyclops":1,"stat.flyOneCm":566363,"tombstone:undead_killed":1,"stat.pickup.minecraft.wheat_seeds":7,"stat.pickup.thaumadditions.mithminite_ingot":24,"stat.damageDealt":897,"stat.timeSinceDeath":324403,"stat.useItem.minecraft.spawn_egg":1,"stat.walkOneCm":142485,"stat.trappedChestTriggered":2,"stat.killEntity.divinerpg.desert_crawler":1,"stat.pickup.thermalfoundation.material":8,"stat.killEntity.ZombieVillager":1,"stat.mineBlock.contenttweaker.halite_ore":4,"stat.killEntity.Creeper":2,"stat.useItem.divinerpg.divine_shickaxe":53,"stat.mineBlock.contenttweaker.stellar_alloy_ore":8,"stat.pickup.minecraft.web":1,"stat.mineBlock.contenttweaker.thaumium_ore":4,"stat.pickup.minecraft.sapling":3,"stat.sprintOneCm":71477,"stat.pickup.minecraft.wooden_door":1,"stat.pickup.thaumcraft.ingot":48,"stat.pickup.contenttweaker.halite_dust":28,"stat.mineBlock.contenttweaker.mithminite_ore":4,"stat.pickup.enderio.item_alloy_endergy_ingot":48,"stat.mobKills":9,"stat.pickup.minecraft.leather_leggings":1,"stat.killEntity.divinerpg.crab":3,"stat.playOneMinute":324403,"stat.mineBlock.contenttweaker.ludicrous_ore":8,"stat.pickup.minecraft.red_flower":14,"stat.sneakTime":972,"stat.mineBlock.contenttweaker.mithrillium_ore":4,"stat.mineBlock.contenttweaker.adaminite_ore":4,"stat.pickup.bigreactors.dustludicrite":56,"stat.useItem.avaritia.infinity_sword":1,"stat.diveOneCm":1760,"stat.pickup.thaumadditions.mithrillium_ingot":24,"stat.pickup.minecraft.wheat":8}