{"stat.chestOpened":10,"stat.pickup.minecraft.rotten_flesh":1,"stat.walkOneCm":51165,"stat.trappedChestTriggered":2,"stat.killEntity.divinerpg.desert_crawler":1,"stat.pickup.thermalfoundation.material":8,"stat.killEntity.ZombieVillager":1,"stat.mobKills":9,"stat.killEntity.Creeper":2,"stat.killEntity.divinerpg.crab":3,"stat.killEntity.divinerpg.cyclops":1,"stat.flyOneCm":460135,"stat.pickup.divinerpg.crab_claw":1,"tombstone:undead_killed":1,"stat.pickup.minecraft.wheat_seeds":6,"stat.jump":531,"stat.swimOneCm":900,"stat.playOneMinute":145495,"stat.climbOneCm":1857,"stat.sneakTime":236,"stat.damageDealt":897,"stat.pickup.avaritia.matter_cluster":2,"stat.crouchOneCm":864,"stat.timeSinceDeath":145495,"stat.useItem.thermalfoundation.upgrade":1,"stat.sprintOneCm":52573,"stat.useItem.divinerpg.everfright":1,"stat.useItem.minecraft.stone_slab2":5,"stat.useItem.minecraft.spawn_egg":1,"stat.useItem.avaritia.infinity_sword":1,"stat.diveOneCm":1760,"stat.killEntity.divinerpg.pumpkin_spider":1,"stat.pickup.minecraft.wheat":3}