{
  "tombstone:tutorial/root": {
    "criteria": {
      "auto": "2025-08-16 20:28:30 +0300"
    },
    "done": true
  },
  "divinerpg:vethea/temple_of_doom": {
    "criteria": {
      "obtain_cermile_lump": "2025-08-16 21:29:46 +0300"
    },
    "done": true
  },
  "minecraft:recipes/transportation/dark_oak_boat": {
    "criteria": {
      "entered_water": "2025-08-16 21:10:30 +0300"
    },
    "done": true
  },
  "minecraft:adventure/kill_a_mob": {
    "criteria": {
      "creeper": "2025-08-16 22:09:10 +0300"
    },
    "done": true
  },
  "cfm:appliance_city": {
    "criteria": {
      "place_appliance": "2025-08-16 22:08:54 +0300"
    },
    "done": true
  },
  "minecraft:adventure/kill_all_mobs": {
    "criteria": {
      "zombie_villager": "2025-08-16 22:29:53 +0300",
      "creeper": "2025-08-16 22:09:10 +0300"
    },
    "done": false
  },
  "minecraft:recipes/misc/beacon": {
    "criteria": {
      "has_nether_star": "2025-08-16 22:33:36 +0300"
    },
    "done": true
  },
  "cfm:root": {
    "criteria": {
      "tick": "2025-08-16 20:28:30 +0300"
    },
    "done": true
  },
  "minecraft:adventure/adventuring_time": {
    "criteria": {
      "forest": "2025-08-16 20:28:30 +0300",
      "mesa_rock": "2025-08-16 22:01:31 +0300",
      "deep_ocean": "2025-08-16 21:19:25 +0300",
      "beaches": "2025-08-16 20:42:41 +0300",
      "mesa": "2025-08-16 22:00:53 +0300",
      "savanna": "2025-08-16 22:42:45 +0300",
      "plains": "2025-08-16 21:17:09 +0300",
      "mesa_clear_rock": "2025-08-16 22:04:40 +0300",
      "savanna_rock": "2025-08-16 22:57:15 +0300",
      "ocean": "2025-08-16 22:28:55 +0300",
      "river": "2025-08-16 21:10:56 +0300"
    },
    "done": false
  },
  "divinerpg:overworld/root": {
    "criteria": {
      "divinerpg": "2025-08-16 20:28:30 +0300"
    },
    "done": true
  },
  "minecraft:recipes/food/bread": {
    "criteria": {
      "has_wheat": "2025-08-16 22:48:19 +0300"
    },
    "done": true
  },
  "industrialupgrade:main/root": {
    "criteria": {
      "tttt": "2025-08-16 20:28:30 +0300"
    },
    "done": true
  },
  "railcraft:tracks/root": {
    "criteria": {
      "step_on_track": "2025-08-16 22:56:20 +0300"
    },
    "done": true
  },
  "minecraft:story/iron_tools": {
    "criteria": {
      "iron_pickaxe": "2025-08-16 22:16:22 +0300"
    },
    "done": true
  },
  "divinerpg:vethea/one_maul_to_rule_them_all": {
    "criteria": {
      "obtain_karos_rockmaul": "2025-08-16 21:59:02 +0300"
    },
    "done": true
  },
  "minecraft:recipes/transportation/birch_boat": {
    "criteria": {
      "entered_water": "2025-08-16 21:10:30 +0300"
    },
    "done": true
  },
  "cfm:modern_technology": {
    "criteria": {
      "placed_computer": "2025-08-16 22:08:54 +0300"
    },
    "done": true
  },
  "railcraft:carts/root": {
    "criteria": {
      "step_on_track": "2025-08-16 22:56:20 +0300"
    },
    "done": true
  },
  "minecraft:story/upgrade_tools": {
    "criteria": {
      "stone_pickaxe": "2025-08-16 22:16:22 +0300"
    },
    "done": true
  },
  "cfm:install": {
    "criteria": {
      "tick": "2025-08-16 20:28:30 +0300"
    },
    "done": true
  },
  "galaxyspace:galaxyspace/root": {
    "criteria": {
      "tick": "2025-08-16 20:28:30 +0300"
    },
    "done": true
  },
  "minecraft:recipes/transportation/acacia_boat": {
    "criteria": {
      "entered_water": "2025-08-16 21:10:30 +0300"
    },
    "done": true
  },
  "galacticraftcore:galacticraft/root": {
    "criteria": {
      "tick": "2025-08-16 20:28:30 +0300"
    },
    "done": true
  },
  "divinerpg:vethea/ever_cry_never_life": {
    "criteria": {
      "obtain_everfright": "2025-08-16 21:59:03 +0300",
      "obtain_eversight": "2025-08-16 21:59:04 +0300",
      "obtain_everbright": "2025-08-16 21:59:05 +0300",
      "obtain_evernight": "2025-08-16 21:59:13 +0300",
      "obtain_everlight": "2025-08-16 21:59:08 +0300"
    },
    "done": true
  },
  "divinerpg:vethea/crypt_raider": {
    "criteria": {
      "obtain_amthirmis_lump": "2025-08-16 21:29:44 +0300"
    },
    "done": true
  },
  "minecraft:adventure/root": {
    "criteria": {
      "killed_something": "2025-08-16 21:59:19 +0300"
    },
    "done": true
  },
  "minecraft:recipes/transportation/boat": {
    "criteria": {
      "entered_water": "2025-08-16 21:10:30 +0300"
    },
    "done": true
  },
  "minecraft:recipes/transportation/jungle_boat": {
    "criteria": {
      "entered_water": "2025-08-16 21:10:30 +0300"
    },
    "done": true
  },
  "minecraft:recipes/transportation/spruce_boat": {
    "criteria": {
      "entered_water": "2025-08-16 21:10:30 +0300"
    },
    "done": true
  }
}