{
  "divinerpg:overworld/root": {
    "criteria": {
      "divinerpg": "2025-08-16 20:28:30 +0300"
    },
    "done": true
  },
  "tombstone:tutorial/root": {
    "criteria": {
      "auto": "2025-08-16 20:28:30 +0300"
    },
    "done": true
  },
  "industrialupgrade:main/root": {
    "criteria": {
      "tttt": "2025-08-16 20:28:30 +0300"
    },
    "done": true
  },
  "divinerpg:vethea/temple_of_doom": {
    "criteria": {
      "obtain_cermile_lump": "2025-08-16 21:29:46 +0300"
    },
    "done": true
  },
  "minecraft:recipes/transportation/dark_oak_boat": {
    "criteria": {
      "entered_water": "2025-08-16 21:10:30 +0300"
    },
    "done": true
  },
  "minecraft:recipes/transportation/birch_boat": {
    "criteria": {
      "entered_water": "2025-08-16 21:10:30 +0300"
    },
    "done": true
  },
  "cfm:install": {
    "criteria": {
      "tick": "2025-08-16 20:28:30 +0300"
    },
    "done": true
  },
  "galaxyspace:galaxyspace/root": {
    "criteria": {
      "tick": "2025-08-16 20:28:30 +0300"
    },
    "done": true
  },
  "minecraft:recipes/transportation/acacia_boat": {
    "criteria": {
      "entered_water": "2025-08-16 21:10:30 +0300"
    },
    "done": true
  },
  "galacticraftcore:galacticraft/root": {
    "criteria": {
      "tick": "2025-08-16 20:28:30 +0300"
    },
    "done": true
  },
  "divinerpg:vethea/crypt_raider": {
    "criteria": {
      "obtain_amthirmis_lump": "2025-08-16 21:29:44 +0300"
    },
    "done": true
  },
  "minecraft:recipes/transportation/boat": {
    "criteria": {
      "entered_water": "2025-08-16 21:10:30 +0300"
    },
    "done": true
  },
  "minecraft:recipes/transportation/jungle_boat": {
    "criteria": {
      "entered_water": "2025-08-16 21:10:30 +0300"
    },
    "done": true
  },
  "cfm:root": {
    "criteria": {
      "tick": "2025-08-16 20:28:30 +0300"
    },
    "done": true
  },
  "minecraft:recipes/transportation/spruce_boat": {
    "criteria": {
      "entered_water": "2025-08-16 21:10:30 +0300"
    },
    "done": true
  },
  "minecraft:adventure/adventuring_time": {
    "criteria": {
      "forest": "2025-08-16 20:28:30 +0300",
      "deep_ocean": "2025-08-16 21:19:25 +0300",
      "beaches": "2025-08-16 20:42:41 +0300",
      "plains": "2025-08-16 21:17:09 +0300",
      "river": "2025-08-16 21:10:56 +0300"
    },
    "done": false
  }
}