{"stat.craftItem.thermalexpansion.strongbox":1,"stat.pickup.divinerpg.karos_lump":1,"stat.leaveGame":30,"stat.useItem.minecraft.log2":2,"stat.pickup.thaumadditions.adaminite_ingot":48,"stat.pickup.extrautils2.redorchid":1,"stat.pickup.modularmachinery.itemmodularium":96,"stat.pickup.minecraft.leather_chestplate":1,"stat.pickup.industrialupgrade.admpanel":2,"stat.pickup.divinerpg.crab_claw":1,"stat.swimOneCm":1376,"stat.climbOneCm":4170,"stat.pickup.avaritia.matter_cluster":2,"stat.pickup.thermalexpansion.strongbox":2,"stat.useItem.thermalfoundation.upgrade":2,"stat.useItem.minecraft.stone_slab2":757,"stat.pickup.minecraft.bow":1,"stat.pickup.minecraft.rotten_flesh":1,"stat.mineBlock.contenttweaker.void_ore":4,"stat.flyOneCm":807570,"stat.craftItem.minecraft.wooden_slab":12,"stat.pickup.thermalfoundation.upgrade":2,"stat.timeSinceDeath":743511,"stat.useItem.minecraft.spawn_egg":1,"stat.useItem.minecraft.wooden_slab":11,"stat.trappedChestTriggered":2,"stat.drop.thaumcraft.thaumonomicon":1,"stat.pickup.thermalfoundation.material":8,"stat.pickup.minecraft.iron_shovel":1,"stat.killEntity.ZombieVillager":1,"stat.killEntity.Creeper":2,"stat.killEntity.CultistPortalLesser":1,"stat.killEntity.CultistCleric":4,"stat.pickup.appliedenergistics2.creative_energy_cell":1,"stat.mineBlock.contenttweaker.thaumium_ore":4,"stat.pickup.divinerpg.darven_lump":1,"stat.pickup.divinerpg.karos_rockmaul":1,"stat.sprintOneCm":117413,"stat.pickup.thaumicenergistics.essentia_cell_creative":1,"stat.pickup.thaumcraft.ingot":96,"stat.pickup.extendedcrafting.material":160,"stat.mineBlock.contenttweaker.mithminite_ore":4,"stat.useItem.extendedcrafting.ender_alternator":36,"stat.pickup.thaumcraft.crystal_essence":1,"stat.pickup.divinerpg.amthirmis_lump":1,"stat.pickup.divinerpg.pardimal_lump":1,"stat.killEntity.CultistKnight":2,"stat.pickup.minecraft.leather_leggings":1,"stat.killEntity.divinerpg.crab":3,"stat.drop":2,"stat.pickup.divinerpg.rock_chunks":25,"stat.playOneMinute":743511,"stat.mineBlock.contenttweaker.adaminite_ore":4,"stat.pickup.divinerpg.cermile_lump":1,"stat.useItem.avaritia.infinity_sword":1,"stat.diveOneCm":1760,"stat.pickup.thaumadditions.mithrillium_ingot":48,"stat.pickup.minecraft.wheat":22,"stat.chestOpened":25,"stat.pickup.divinerpg.quadrotic_lump":1,"stat.useItem.extendedcrafting.recipe_maker":1,"stat.pickup.minecraft.sign":3,"stat.pickup.minecraft.arrow":17,"stat.pickup.harvestcraft.figitem":2,"stat.pickup.divinerpg.teaker_lump":1,"stat.mineBlock.appliedenergistics2.energy_acceptor":1,"stat.jump":1264,"stat.pickup.storagedrawers.upgrade_creative":1,"stat.useItem.tconstruct.fancy_frame":1,"stat.crouchOneCm":13300,"stat.pickup.galaxyspace.rocket_tier_6":2,"stat.useItem.divinerpg.everfright":1,"stat.killEntity.divinerpg.pumpkin_spider":1,"stat.craftingTableInteraction":10,"stat.mineBlock.minecraft.glass_pane":1,"stat.mineBlock.minecraft.log2":3,"stat.damageTaken":80,"stat.pickup.notreepunching.rock/stone":2,"stat.mineBlock.contenttweaker.modularium_ore":8,"stat.pickup.minecraft.written_book":1,"stat.pickup.minecraft.log2":3,"stat.pickup.appliedenergistics2.creative_storage_cell":1,"stat.killEntity.divinerpg.cyclops":1,"stat.pickup.minecraft.bed":2,"tombstone:undead_killed":1,"stat.pickup.minecraft.wheat_seeds":23,"stat.pickup.thaumadditions.mithminite_ingot":48,"stat.damageDealt":3047,"stat.sleepInBed":2,"stat.killEntity.MindSpider":3,"stat.useItem.crazyae.part":1,"stat.pickup.crazyae.quantum_energy_cell":3,"stat.walkOneCm":421108,"stat.killEntity.divinerpg.desert_crawler":1,"stat.pickup.appliedenergistics2.energy_acceptor":1,"stat.pickup.divinerpg.heliosis_lump":1,"stat.mineBlock.contenttweaker.halite_ore":4,"stat.pickup.minecraft.iron_hoe":5,"stat.useItem.divinerpg.divine_shickaxe":53,"stat.mineBlock.crazyae.quantum_energy_cell":2,"stat.mineBlock.contenttweaker.stellar_alloy_ore":8,"stat.useItem.contenttweaker.sword6":7,"stat.useItem.tconstruct.pickaxe":4,"stat.pickup.divinerpg.arksiane_lump":1,"stat.pickup.minecraft.web":1,"stat.pickup.minecraft.sapling":4,"stat.pickup.minecraft.wooden_door":1,"stat.pickup.minecraft.banner":2,"stat.pickup.contenttweaker.halite_dust":56,"stat.pickup.contenttweaker.pulsating_black_hole":2,"stat.useItem.storagedrawers.quantify_key":1,"stat.pickup.enderio.item_alloy_endergy_ingot":96,"stat.mobKills":19,"stat.drop.thaumcraft.crystal_essence":1,"stat.pickup.draconicevolution.creative_rf_source":3,"stat.mineBlock.contenttweaker.ludicrous_ore":8,"stat.pickup.minecraft.red_flower":14,"stat.sneakTime":4497,"stat.mineBlock.contenttweaker.mithrillium_ore":4,"stat.pickup.thaumcraft.thaumonomicon":1,"stat.pickup.bigreactors.dustludicrite":112,"stat.useItem.crazyae.quantum_energy_cell":2}